-- phpMyAdmin SQL Dump
-- version 5.0.2
-- https://www.phpmyadmin.net/
--
-- Host: 127.0.0.1
-- Waktu pembuatan: 22 Okt 2020 pada 06.06
-- Versi server: 10.4.14-MariaDB
-- Versi PHP: 7.4.9

SET SQL_MODE = "NO_AUTO_VALUE_ON_ZERO";
START TRANSACTION;
SET time_zone = "+00:00";


/*!40101 SET @OLD_CHARACTER_SET_CLIENT=@@CHARACTER_SET_CLIENT */;
/*!40101 SET @OLD_CHARACTER_SET_RESULTS=@@CHARACTER_SET_RESULTS */;
/*!40101 SET @OLD_COLLATION_CONNECTION=@@COLLATION_CONNECTION */;
/*!40101 SET NAMES utf8mb4 */;

--
-- Database: `ids_akademik`
--

-- --------------------------------------------------------

--
-- Struktur dari tabel `dosen`
--

CREATE TABLE `dosen` (
  `NIP` varchar(50) NOT NULL,
  `Nama_Dosen` varchar(50) NOT NULL,
  `Tanggal_Lahir` date NOT NULL,
  `JK` enum('L','P') NOT NULL,
  `No_Telp` varchar(50) NOT NULL,
  `Alamat` varchar(150) NOT NULL
) ENGINE=InnoDB DEFAULT CHARSET=latin1;

--
-- Dumping data untuk tabel `dosen`
--

INSERT INTO `dosen` (`NIP`, `Nama_Dosen`, `Tanggal_Lahir`, `JK`, `No_Telp`, `Alamat`) VALUES
('098980', 'Bu Ririd', '2017-03-15', 'P', '2324', 'Jl. Kesumba no. 32'),
('DS003', 'Bu Wilda', '2017-03-14', 'P', '0897761', 'Jl. Semanggi no. 22');

-- --------------------------------------------------------

--
-- Struktur dari tabel `jadwal`
--

CREATE TABLE `jadwal` (
  `Id_Jadwal` int(11) NOT NULL,
  `Kode_Matakuliah_Jadwal` varchar(50) NOT NULL,
  `NIP_Jadwal` varchar(50) NOT NULL,
  `Kode_Ruangan_Jadwal` varchar(50) NOT NULL,
  `Kode_Jurusan_Jadwal` varchar(50) NOT NULL,
  `Hari` varchar(50) NOT NULL,
  `Jam` varchar(11) NOT NULL
) ENGINE=InnoDB DEFAULT CHARSET=latin1;

--
-- Dumping data untuk tabel `jadwal`
--

INSERT INTO `jadwal` (`Id_Jadwal`, `Kode_Matakuliah_Jadwal`, `NIP_Jadwal`, `Kode_Ruangan_Jadwal`, `Kode_Jurusan_Jadwal`, `Hari`, `Jam`) VALUES
(13, 'W01', 'DS003', 'R03', 'TIS1', 'Jumat', '05:10-09:10'),
(14, 'MK02', 'DS003', 'R02', 'TIS1', 'Jumat', '12:30-13:30');

-- --------------------------------------------------------

--
-- Struktur dari tabel `jenjang`
--

CREATE TABLE `jenjang` (
  `Kode_Jenjang` varchar(50) NOT NULL,
  `Nama_Jenjang` varchar(50) NOT NULL
) ENGINE=InnoDB DEFAULT CHARSET=latin1;

--
-- Dumping data untuk tabel `jenjang`
--

INSERT INTO `jenjang` (`Kode_Jenjang`, `Nama_Jenjang`) VALUES
('D1', 'Diploma I'),
('D3', 'Diploma III'),
('S1', 'Sarjana'),
('S2', 'Magister'),
('S3', 'Doktor');

-- --------------------------------------------------------

--
-- Struktur dari tabel `jurusan`
--

CREATE TABLE `jurusan` (
  `Kode_Jurusan` varchar(50) NOT NULL,
  `Nama_Jurusan` varchar(50) NOT NULL,
  `Kode_Jenjang_Jrs` varchar(50) NOT NULL
) ENGINE=InnoDB DEFAULT CHARSET=latin1;

--
-- Dumping data untuk tabel `jurusan`
--

INSERT INTO `jurusan` (`Kode_Jurusan`, `Nama_Jurusan`, `Kode_Jenjang_Jrs`) VALUES
('KIS1', 'Interface', 'D3'),
('SI2', 'Sistem Informasi', 'D3'),
('TIS1', 'Teknik Informatika', 'S1');

-- --------------------------------------------------------

--
-- Struktur dari tabel `mahasiswa`
--

CREATE TABLE `mahasiswa` (
  `NIM` varchar(50) NOT NULL,
  `Nama_Mahasiswa` varchar(50) NOT NULL,
  `Tanggal_Lahir` date NOT NULL,
  `JK` enum('L','P') NOT NULL,
  `No_Telp` varchar(50) NOT NULL,
  `Alamat` varchar(150) NOT NULL,
  `Kode_Jurusan_Mhs` varchar(50) NOT NULL
) ENGINE=InnoDB DEFAULT CHARSET=latin1;

--
-- Dumping data untuk tabel `mahasiswa`
--

INSERT INTO `mahasiswa` (`NIM`, `Nama_Mahasiswa`, `Tanggal_Lahir`, `JK`, `No_Telp`, `Alamat`, `Kode_Jurusan_Mhs`) VALUES
('D980098', 'Sahira Rana', '2001-03-29', 'P', '0989809', 'Surabaya', 'TIS1'),
('D980980', 'Novel', '2001-03-15', 'P', '234234', 'Surabaya', 'KIS1');

-- --------------------------------------------------------

--
-- Struktur dari tabel `matakuliah`
--

CREATE TABLE `matakuliah` (
  `Kode_Matakuliah` varchar(50) NOT NULL,
  `Nama_Matakuliah` varchar(50) NOT NULL,
  `SKS` int(11) NOT NULL
) ENGINE=InnoDB DEFAULT CHARSET=latin1;

--
-- Dumping data untuk tabel `matakuliah`
--

INSERT INTO `matakuliah` (`Kode_Matakuliah`, `Nama_Matakuliah`, `SKS`) VALUES
('MK01', 'Database', 2),
('MK02', 'MTQ', 3),
('W01', 'Web Programming', 4);

-- --------------------------------------------------------

--
-- Struktur dari tabel `nilai`
--

CREATE TABLE `nilai` (
  `Id_Nilai` int(11) NOT NULL,
  `NIM_Nilai` varchar(50) NOT NULL,
  `Kode_Matakuliah_Nilai` varchar(50) NOT NULL,
  `Nilai` varchar(50) NOT NULL
) ENGINE=InnoDB DEFAULT CHARSET=latin1;

--
-- Dumping data untuk tabel `nilai`
--

INSERT INTO `nilai` (`Id_Nilai`, `NIM_Nilai`, `Kode_Matakuliah_Nilai`, `Nilai`) VALUES
(2, 'D980980', 'W01', 'C'),
(3, 'D980098', 'W01', 'A'),
(4, 'D980098', 'MK01', 'A'),
(5, 'D980980', 'MK02', 'C');

-- --------------------------------------------------------

--
-- Struktur dari tabel `ruangan`
--

CREATE TABLE `ruangan` (
  `Kode_Ruangan` varchar(50) NOT NULL,
  `Nama_Ruangan` varchar(50) NOT NULL
) ENGINE=InnoDB DEFAULT CHARSET=latin1;

--
-- Dumping data untuk tabel `ruangan`
--

INSERT INTO `ruangan` (`Kode_Ruangan`, `Nama_Ruangan`) VALUES
('R01', 'Ruangan 1'),
('R02', 'Ruangan 2'),
('R03', 'Ruangan 3');

-- --------------------------------------------------------

--
-- Struktur dari tabel `user`
--

CREATE TABLE `user` (
  `Id_User` int(11) NOT NULL,
  `Id_Usergroup_User` int(11) NOT NULL,
  `Username` varchar(50) NOT NULL,
  `Password` varchar(255) NOT NULL,
  `Foto` varchar(150) NOT NULL DEFAULT 'ids.jpg'
) ENGINE=InnoDB DEFAULT CHARSET=latin1;

--
-- Dumping data untuk tabel `user`
--

INSERT INTO `user` (`Id_User`, `Id_Usergroup_User`, `Username`, `Password`, `Foto`) VALUES
(1, 1, 'admin', '$2y$10$V7zDd2Fz3QBmWFz3UnZBM.vjDK.AOTTjIdssUY8rhcBjEEJrxY7ma', 'ids.jpg'),
(18, 2, '098980', '$2y$10$25GSpBPnHynFHGafwjdyUeuwy6kF/6/pKLBSVdxk61suyPf5Tsugu', 'ids.jpg'),
(19, 3, 'D980098', '$2y$10$EEvgrytjn7UkxTXtefDx0ux60r.6jGwmo3pYS.2VybRApkvm97rGi', 'ids.jpg');

-- --------------------------------------------------------

--
-- Struktur dari tabel `usergroup`
--

CREATE TABLE `usergroup` (
  `Id_Usergroup` int(11) NOT NULL,
  `Nama_Usergroup` varchar(50) NOT NULL
) ENGINE=InnoDB DEFAULT CHARSET=latin1;

--
-- Dumping data untuk tabel `usergroup`
--

INSERT INTO `usergroup` (`Id_Usergroup`, `Nama_Usergroup`) VALUES
(1, 'Administrator'),
(2, 'Dosen'),
(3, 'Mahasiswa');

--
-- Indexes for dumped tables
--

--
-- Indeks untuk tabel `dosen`
--
ALTER TABLE `dosen`
  ADD PRIMARY KEY (`NIP`);

--
-- Indeks untuk tabel `jadwal`
--
ALTER TABLE `jadwal`
  ADD PRIMARY KEY (`Id_Jadwal`),
  ADD KEY `FK_jadwal_dosen` (`NIP_Jadwal`),
  ADD KEY `FK_jadwal_ruangan` (`Kode_Ruangan_Jadwal`),
  ADD KEY `FK_jadwal_matakuliah` (`Kode_Matakuliah_Jadwal`),
  ADD KEY `FK_jadwal_jurusan` (`Kode_Jurusan_Jadwal`);

--
-- Indeks untuk tabel `jenjang`
--
ALTER TABLE `jenjang`
  ADD PRIMARY KEY (`Kode_Jenjang`);

--
-- Indeks untuk tabel `jurusan`
--
ALTER TABLE `jurusan`
  ADD PRIMARY KEY (`Kode_Jurusan`),
  ADD KEY `FK_jurusan_jenjang` (`Kode_Jenjang_Jrs`);

--
-- Indeks untuk tabel `mahasiswa`
--
ALTER TABLE `mahasiswa`
  ADD PRIMARY KEY (`NIM`),
  ADD KEY `FK_mahasiswa_jurusan` (`Kode_Jurusan_Mhs`);

--
-- Indeks untuk tabel `matakuliah`
--
ALTER TABLE `matakuliah`
  ADD PRIMARY KEY (`Kode_Matakuliah`);

--
-- Indeks untuk tabel `nilai`
--
ALTER TABLE `nilai`
  ADD PRIMARY KEY (`Id_Nilai`),
  ADD KEY `FK_nilai_mahasiswa` (`NIM_Nilai`),
  ADD KEY `FK_nilai_matakuliah` (`Kode_Matakuliah_Nilai`);

--
-- Indeks untuk tabel `ruangan`
--
ALTER TABLE `ruangan`
  ADD PRIMARY KEY (`Kode_Ruangan`);

--
-- Indeks untuk tabel `user`
--
ALTER TABLE `user`
  ADD PRIMARY KEY (`Id_User`),
  ADD KEY `FK_user_usergroup` (`Id_Usergroup_User`);

--
-- Indeks untuk tabel `usergroup`
--
ALTER TABLE `usergroup`
  ADD PRIMARY KEY (`Id_Usergroup`);

--
-- AUTO_INCREMENT untuk tabel yang dibuang
--

--
-- AUTO_INCREMENT untuk tabel `jadwal`
--
ALTER TABLE `jadwal`
  MODIFY `Id_Jadwal` int(11) NOT NULL AUTO_INCREMENT, AUTO_INCREMENT=15;

--
-- AUTO_INCREMENT untuk tabel `nilai`
--
ALTER TABLE `nilai`
  MODIFY `Id_Nilai` int(11) NOT NULL AUTO_INCREMENT, AUTO_INCREMENT=7;

--
-- AUTO_INCREMENT untuk tabel `user`
--
ALTER TABLE `user`
  MODIFY `Id_User` int(11) NOT NULL AUTO_INCREMENT, AUTO_INCREMENT=20;

--
-- AUTO_INCREMENT untuk tabel `usergroup`
--
ALTER TABLE `usergroup`
  MODIFY `Id_Usergroup` int(11) NOT NULL AUTO_INCREMENT, AUTO_INCREMENT=4;

--
-- Ketidakleluasaan untuk tabel pelimpahan (Dumped Tables)
--

--
-- Ketidakleluasaan untuk tabel `jadwal`
--
ALTER TABLE `jadwal`
  ADD CONSTRAINT `FK_jadwal_dosen` FOREIGN KEY (`NIP_Jadwal`) REFERENCES `dosen` (`NIP`),
  ADD CONSTRAINT `FK_jadwal_jurusan` FOREIGN KEY (`Kode_Jurusan_Jadwal`) REFERENCES `jurusan` (`Kode_Jurusan`),
  ADD CONSTRAINT `FK_jadwal_matakuliah` FOREIGN KEY (`Kode_Matakuliah_Jadwal`) REFERENCES `matakuliah` (`Kode_Matakuliah`),
  ADD CONSTRAINT `FK_jadwal_ruangan` FOREIGN KEY (`Kode_Ruangan_Jadwal`) REFERENCES `ruangan` (`Kode_Ruangan`);

--
-- Ketidakleluasaan untuk tabel `jurusan`
--
ALTER TABLE `jurusan`
  ADD CONSTRAINT `FK_jurusan_jenjang` FOREIGN KEY (`Kode_Jenjang_Jrs`) REFERENCES `jenjang` (`Kode_Jenjang`);

--
-- Ketidakleluasaan untuk tabel `mahasiswa`
--
ALTER TABLE `mahasiswa`
  ADD CONSTRAINT `FK_mahasiswa_jurusan` FOREIGN KEY (`Kode_Jurusan_Mhs`) REFERENCES `jurusan` (`Kode_Jurusan`);

--
-- Ketidakleluasaan untuk tabel `nilai`
--
ALTER TABLE `nilai`
  ADD CONSTRAINT `FK_nilai_mahasiswa` FOREIGN KEY (`NIM_Nilai`) REFERENCES `mahasiswa` (`NIM`),
  ADD CONSTRAINT `FK_nilai_matakuliah` FOREIGN KEY (`Kode_Matakuliah_Nilai`) REFERENCES `matakuliah` (`Kode_Matakuliah`);

--
-- Ketidakleluasaan untuk tabel `user`
--
ALTER TABLE `user`
  ADD CONSTRAINT `FK_user_usergroup` FOREIGN KEY (`Id_Usergroup_User`) REFERENCES `usergroup` (`Id_Usergroup`);
COMMIT;

/*!40101 SET CHARACTER_SET_CLIENT=@OLD_CHARACTER_SET_CLIENT */;
/*!40101 SET CHARACTER_SET_RESULTS=@OLD_CHARACTER_SET_RESULTS */;
/*!40101 SET COLLATION_CONNECTION=@OLD_COLLATION_CONNECTION */;
